-- user
INSERT INTO user VALUES (1,63,'20161105','Liam');
INSERT INTO user VALUES (2,38,'20171012','Noah');
INSERT INTO user VALUES (3,19,'20160401','Oliver');
INSERT INTO user VALUES (4,30,'20170426','Elijah');
INSERT INTO user VALUES (5,12,'20160301','William');
INSERT INTO user VALUES (6,49,'20180517','James');
INSERT INTO user VALUES (7,31,'20171229','Benjamin');
INSERT INTO user VALUES (8,15,'20160613','Lucas');
INSERT INTO user VALUES (9,18,'20160528','Henry');
INSERT INTO user VALUES (10,11,'20170224','Alexander');
INSERT INTO user VALUES (11,25,'20160130','Olivia');
INSERT INTO user VALUES (12,52,'20161118','Emma');
INSERT INTO user VALUES (13,77,'20160412','Ava');
INSERT INTO user VALUES (14,33,'20161230','Charlotte');
INSERT INTO user VALUES (15,63,'20170520','Sophia');
INSERT INTO user VALUES (16,68,'20180306','Amelia');
INSERT INTO user VALUES (17,37,'20160325','Isabella');
INSERT INTO user VALUES (18,67,'20161030','Mia');
INSERT INTO user VALUES (19,28,'20160302','Evelyn');
INSERT INTO user VALUES (20,15,'20180315','Harper');

-- account
INSERT INTO account VALUES (100001,11);
INSERT INTO account VALUES (100002,6);
INSERT INTO account VALUES (100003,19);
INSERT INTO account VALUES (100004,20);
INSERT INTO account VALUES (100005,11);
INSERT INTO account VALUES (100006,7);
INSERT INTO account VALUES (100007,18);
INSERT INTO account VALUES (100008,13);
INSERT INTO account VALUES (100009,7);
INSERT INTO account VALUES (100010,18);
INSERT INTO account VALUES (100011,15);
INSERT INTO account VALUES (100012,14);
INSERT INTO account VALUES (100013,19);
INSERT INTO account VALUES (100014,7);
INSERT INTO account VALUES (100015,17);
INSERT INTO account VALUES (100016,20);
INSERT INTO account VALUES (100017,9);
INSERT INTO account VALUES (100018,7);
INSERT INTO account VALUES (100019,7);
INSERT INTO account VALUES (100020,6);
INSERT INTO account VALUES (100021,9);
INSERT INTO account VALUES (100022,1);
INSERT INTO account VALUES (100023,2);
INSERT INTO account VALUES (100024,4);
INSERT INTO account VALUES (100025,10);
INSERT INTO account VALUES (100026,15);
INSERT INTO account VALUES (100027,14);
INSERT INTO account VALUES (100028,5);
INSERT INTO account VALUES (100029,2);
INSERT INTO account VALUES (100030,19);
INSERT INTO account VALUES (100031,20);
INSERT INTO account VALUES (100032,12);
INSERT INTO account VALUES (100033,20);
INSERT INTO account VALUES (100034,3);
INSERT INTO account VALUES (100035,10);
INSERT INTO account VALUES (100036,16);
INSERT INTO account VALUES (100037,6);
INSERT INTO account VALUES (100038,2);
INSERT INTO account VALUES (100039,18);
INSERT INTO account VALUES (100040,18);
INSERT INTO account VALUES (100041,13);
INSERT INTO account VALUES (100042,11);
INSERT INTO account VALUES (100043,5);
INSERT INTO account VALUES (100044,19);
INSERT INTO account VALUES (100045,8);
INSERT INTO account VALUES (100046,1);
INSERT INTO account VALUES (100047,10);
INSERT INTO account VALUES (100048,14);
INSERT INTO account VALUES (100049,17);
INSERT INTO account VALUES (100050,8);

--account_Detail
INSERT INTO account_Detail VALUES (100010,'20190105',1,923400,'Y');
INSERT INTO account_Detail VALUES (100037,'20190106',1,612400,'Y');
INSERT INTO account_Detail VALUES (100050,'20190106',1,737200,'Y');
INSERT INTO account_Detail VALUES (100028,'20190109',1,640600,'Y');
INSERT INTO account_Detail VALUES (100009,'20190110',1,931000,'Y');
INSERT INTO account_Detail VALUES (100039,'20190112',1,923800,'N');
INSERT INTO account_Detail VALUES (100011,'20190113',1,533800,'Y');
INSERT INTO account_Detail VALUES (100006,'20190117',1,1200,'Y');
INSERT INTO account_Detail VALUES (100002,'20190118',1,636800,'N');
INSERT INTO account_Detail VALUES (100017,'20190123',1,492200,'N');
INSERT INTO account_Detail VALUES (100018,'20190124',1,226200,'N');
INSERT INTO account_Detail VALUES (100018,'20190130',1,481300,'Y');
INSERT INTO account_Detail VALUES (100019,'20190131',1,925300,'Y');
INSERT INTO account_Detail VALUES (100038,'20190202',1,761400,'Y');
INSERT INTO account_Detail VALUES (100025,'20190204',1,171900,'N');
INSERT INTO account_Detail VALUES (100028,'20190208',1,742100,'Y');
INSERT INTO account_Detail VALUES (100039,'20190208',1,705000,'Y');
INSERT INTO account_Detail VALUES (100047,'20190214',1,386800,'Y');
INSERT INTO account_Detail VALUES (100007,'20190215',1,554100,'Y');
INSERT INTO account_Detail VALUES (100001,'20190222',1,61400,'Y');
INSERT INTO account_Detail VALUES (100019,'20190224',1,953600,'Y');
INSERT INTO account_Detail VALUES (100046,'20190224',1,914500,'N');
INSERT INTO account_Detail VALUES (100009,'20190225',1,458300,'N');
INSERT INTO account_Detail VALUES (100007,'20190226',1,348500,'N');
INSERT INTO account_Detail VALUES (100011,'20190226',1,376500,'N');
INSERT INTO account_Detail VALUES (100038,'20190301',1,143500,'N');
INSERT INTO account_Detail VALUES (100002,'20190303',1,895800,'Y');
INSERT INTO account_Detail VALUES (100042,'20190303',1,588300,'Y');
INSERT INTO account_Detail VALUES (100046,'20190304',1,301400,'Y');
INSERT INTO account_Detail VALUES (100047,'20190306',1,870200,'Y');
INSERT INTO account_Detail VALUES (100029,'20190307',1,866500,'N');
INSERT INTO account_Detail VALUES (100030,'20190317',1,169200,'Y');
INSERT INTO account_Detail VALUES (100020,'20190319',1,135500,'Y');
INSERT INTO account_Detail VALUES (100008,'20190330',1,134900,'N');
INSERT INTO account_Detail VALUES (100021,'20190331',1,840900,'Y');
INSERT INTO account_Detail VALUES (100030,'20190402',1,188900,'Y');
INSERT INTO account_Detail VALUES (100044,'20190402',1,209700,'N');
INSERT INTO account_Detail VALUES (100016,'20190403',1,17700,'Y');
INSERT INTO account_Detail VALUES (100022,'20190405',1,202100,'Y');
INSERT INTO account_Detail VALUES (100046,'20190405',1,294300,'Y');
INSERT INTO account_Detail VALUES (100021,'20190407',1,898900,'Y');
INSERT INTO account_Detail VALUES (100040,'20190407',1,28400,'Y');
INSERT INTO account_Detail VALUES (100001,'20190408',1,762200,'N');
INSERT INTO account_Detail VALUES (100017,'20190408',1,225300,'Y');
INSERT INTO account_Detail VALUES (100001,'20190411',1,409000,'N');
INSERT INTO account_Detail VALUES (100011,'20190412',1,944800,'N');
INSERT INTO account_Detail VALUES (100048,'20190412',1,704800,'Y');
INSERT INTO account_Detail VALUES (100003,'20190414',1,603000,'N');
INSERT INTO account_Detail VALUES (100026,'20190414',1,135500,'N');
INSERT INTO account_Detail VALUES (100049,'20190416',1,647500,'Y');
INSERT INTO account_Detail VALUES (100022,'20190418',1,446200,'N');
INSERT INTO account_Detail VALUES (100035,'20190421',1,936400,'Y');
INSERT INTO account_Detail VALUES (100022,'20190422',1,689600,'Y');
INSERT INTO account_Detail VALUES (100037,'20190423',1,225800,'N');
INSERT INTO account_Detail VALUES (100033,'20190426',1,79800,'N');
INSERT INTO account_Detail VALUES (100013,'20190427',1,70300,'Y');
INSERT INTO account_Detail VALUES (100008,'20190428',1,159100,'Y');
INSERT INTO account_Detail VALUES (100046,'20190429',1,662000,'Y');
INSERT INTO account_Detail VALUES (100010,'20190430',1,617500,'N');
INSERT INTO account_Detail VALUES (100005,'20190501',1,847100,'N');
INSERT INTO account_Detail VALUES (100004,'20190502',1,317300,'N');
INSERT INTO account_Detail VALUES (100045,'20190502',1,188000,'N');
INSERT INTO account_Detail VALUES (100014,'20190503',1,807100,'N');
INSERT INTO account_Detail VALUES (100048,'20190503',1,626800,'Y');
INSERT INTO account_Detail VALUES (100022,'20190505',1,613800,'Y');
INSERT INTO account_Detail VALUES (100004,'20190506',1,709500,'Y');
INSERT INTO account_Detail VALUES (100025,'20190506',1,440900,'Y');
INSERT INTO account_Detail VALUES (100035,'20190507',1,103100,'Y');
INSERT INTO account_Detail VALUES (100027,'20190513',1,369600,'N');
INSERT INTO account_Detail VALUES (100033,'20190514',1,408200,'Y');
INSERT INTO account_Detail VALUES (100008,'20190516',1,613400,'N');
INSERT INTO account_Detail VALUES (100029,'20190516',1,246300,'Y');
INSERT INTO account_Detail VALUES (100005,'20190519',1,37000,'Y');
INSERT INTO account_Detail VALUES (100005,'20190522',1,635100,'Y');
INSERT INTO account_Detail VALUES (100046,'20190522',1,674000,'N');
INSERT INTO account_Detail VALUES (100029,'20190530',1,939000,'Y');
INSERT INTO account_Detail VALUES (100005,'20190603',1,417300,'N');
INSERT INTO account_Detail VALUES (100016,'20190603',1,472400,'Y');
INSERT INTO account_Detail VALUES (100016,'20190604',1,700200,'Y');
INSERT INTO account_Detail VALUES (100002,'20190605',1,911600,'Y');
INSERT INTO account_Detail VALUES (100017,'20190605',1,506100,'Y');
INSERT INTO account_Detail VALUES (100028,'20190606',1,794600,'Y');
INSERT INTO account_Detail VALUES (100005,'20190613',1,235700,'Y');
INSERT INTO account_Detail VALUES (100021,'20190614',1,719900,'Y');
INSERT INTO account_Detail VALUES (100030,'20190617',1,239600,'N');
INSERT INTO account_Detail VALUES (100026,'20190618',1,252400,'N');
INSERT INTO account_Detail VALUES (100045,'20190629',1,753000,'Y');
INSERT INTO account_Detail VALUES (100010,'20190701',1,821500,'N');
INSERT INTO account_Detail VALUES (100004,'20190702',1,419100,'N');
INSERT INTO account_Detail VALUES (100020,'20190703',1,15600,'Y');
INSERT INTO account_Detail VALUES (100038,'20190703',1,771200,'N');
INSERT INTO account_Detail VALUES (100034,'20190707',1,578700,'Y');
INSERT INTO account_Detail VALUES (100039,'20190708',1,433000,'Y');
INSERT INTO account_Detail VALUES (100050,'20190712',1,836000,'N');
INSERT INTO account_Detail VALUES (100050,'20190712',2,245900,'Y');
INSERT INTO account_Detail VALUES (100043,'20190714',1,424900,'Y');
INSERT INTO account_Detail VALUES (100036,'20190715',1,874100,'Y');
INSERT INTO account_Detail VALUES (100012,'20190717',1,229700,'Y');
INSERT INTO account_Detail VALUES (100018,'20190717',1,432300,'N');
INSERT INTO account_Detail VALUES (100004,'20190719',1,565100,'Y');
INSERT INTO account_Detail VALUES (100042,'20190719',1,724600,'Y');
INSERT INTO account_Detail VALUES (100048,'20190719',1,515300,'Y');
INSERT INTO account_Detail VALUES (100015,'20190720',1,718100,'Y');
INSERT INTO account_Detail VALUES (100037,'20190720',1,651200,'N');
INSERT INTO account_Detail VALUES (100013,'20190722',1,64000,'N');
INSERT INTO account_Detail VALUES (100020,'20190725',1,151100,'Y');
INSERT INTO account_Detail VALUES (100029,'20190727',1,546200,'Y');
INSERT INTO account_Detail VALUES (100023,'20190801',1,177400,'Y');
INSERT INTO account_Detail VALUES (100042,'20190802',1,241000,'Y');
INSERT INTO account_Detail VALUES (100006,'20190804',1,394800,'N');
INSERT INTO account_Detail VALUES (100032,'20190805',1,410000,'N');
INSERT INTO account_Detail VALUES (100024,'20190808',1,588000,'Y');
INSERT INTO account_Detail VALUES (100050,'20190808',1,386300,'N');
INSERT INTO account_Detail VALUES (100039,'20190809',1,150100,'Y');
INSERT INTO account_Detail VALUES (100020,'20190811',1,701200,'Y');
INSERT INTO account_Detail VALUES (100039,'20190814',1,684500,'Y');
INSERT INTO account_Detail VALUES (100047,'20190818',1,757300,'Y');
INSERT INTO account_Detail VALUES (100049,'20190821',1,765400,'N');
INSERT INTO account_Detail VALUES (100026,'20190822',1,493100,'Y');
INSERT INTO account_Detail VALUES (100028,'20190824',1,411000,'N');
INSERT INTO account_Detail VALUES (100001,'20190826',1,336700,'Y');
INSERT INTO account_Detail VALUES (100040,'20190826',1,305400,'N');
INSERT INTO account_Detail VALUES (100014,'20190828',1,306700,'Y');
INSERT INTO account_Detail VALUES (100026,'20190828',1,107900,'Y');
INSERT INTO account_Detail VALUES (100017,'20190829',1,642100,'Y');
INSERT INTO account_Detail VALUES (100029,'20190830',1,77200,'Y');
INSERT INTO account_Detail VALUES (100035,'20190830',1,608700,'Y');
INSERT INTO account_Detail VALUES (100013,'20190901',1,123900,'N');
INSERT INTO account_Detail VALUES (100036,'20190901',1,883900,'Y');
INSERT INTO account_Detail VALUES (100016,'20190903',1,790400,'Y');
INSERT INTO account_Detail VALUES (100002,'20190904',1,310000,'Y');
INSERT INTO account_Detail VALUES (100022,'20190910',1,881300,'Y');
INSERT INTO account_Detail VALUES (100014,'20190919',1,342800,'N');
INSERT INTO account_Detail VALUES (100049,'20190919',1,223300,'Y');
INSERT INTO account_Detail VALUES (100043,'20190921',1,930100,'Y');
INSERT INTO account_Detail VALUES (100014,'20190923',1,459600,'N');
INSERT INTO account_Detail VALUES (100030,'20190928',1,119100,'Y');
INSERT INTO account_Detail VALUES (100041,'20190928',1,700500,'Y');
INSERT INTO account_Detail VALUES (100048,'20190928',1,308500,'Y');
INSERT INTO account_Detail VALUES (100033,'20190929',1,449000,'Y');
INSERT INTO account_Detail VALUES (100034,'20191004',1,977600,'Y');
INSERT INTO account_Detail VALUES (100029,'20191007',1,939300,'N');
INSERT INTO account_Detail VALUES (100030,'20191008',1,803800,'Y');
INSERT INTO account_Detail VALUES (100007,'20191010',1,774600,'N');
INSERT INTO account_Detail VALUES (100045,'20191014',1,317200,'N');
INSERT INTO account_Detail VALUES (100015,'20191017',1,487600,'Y');
INSERT INTO account_Detail VALUES (100038,'20191018',1,638400,'N');
INSERT INTO account_Detail VALUES (100040,'20191019',1,911300,'Y');
INSERT INTO account_Detail VALUES (100023,'20191021',1,654500,'Y');
INSERT INTO account_Detail VALUES (100027,'20191028',1,774200,'N');
INSERT INTO account_Detail VALUES (100014,'20191029',1,249200,'Y');
INSERT INTO account_Detail VALUES (100044,'20191102',1,112100,'Y');
INSERT INTO account_Detail VALUES (100035,'20191106',1,213300,'N');
INSERT INTO account_Detail VALUES (100046,'20191107',1,825800,'N');
INSERT INTO account_Detail VALUES (100023,'20191111',1,940700,'Y');
INSERT INTO account_Detail VALUES (100015,'20191112',1,217100,'N');
INSERT INTO account_Detail VALUES (100034,'20191113',1,859700,'Y');
INSERT INTO account_Detail VALUES (100050,'20191118',1,817400,'Y');
INSERT INTO account_Detail VALUES (100003,'20191122',1,294600,'Y');
INSERT INTO account_Detail VALUES (100042,'20191123',1,52800,'Y');
INSERT INTO account_Detail VALUES (100032,'20191124',1,969800,'Y');
INSERT INTO account_Detail VALUES (100036,'20191201',1,95300,'Y');
INSERT INTO account_Detail VALUES (100002,'20191202',1,788100,'Y');
INSERT INTO account_Detail VALUES (100045,'20191203',1,966600,'N');
INSERT INTO account_Detail VALUES (100027,'20191204',1,97700,'Y');
INSERT INTO account_Detail VALUES (100019,'20191206',1,994900,'Y');
INSERT INTO account_Detail VALUES (100047,'20191206',1,7900,'Y');
INSERT INTO account_Detail VALUES (100024,'20191208',1,45600,'Y');
INSERT INTO account_Detail VALUES (100036,'20191213',1,54900,'N');
INSERT INTO account_Detail VALUES (100041,'20191213',1,765900,'Y');
INSERT INTO account_Detail VALUES (100046,'20191214',1,961100,'Y');
INSERT INTO account_Detail VALUES (100050,'20191216',1,448000,'N');
INSERT INTO account_Detail VALUES (100046,'20191217',1,438800,'Y');
INSERT INTO account_Detail VALUES (100013,'20191218',1,207700,'N');
INSERT INTO account_Detail VALUES (100013,'20191220',1,500100,'Y');
INSERT INTO account_Detail VALUES (100038,'20191222',1,185400,'Y');
INSERT INTO account_Detail VALUES (100011,'20191225',1,669500,'Y');
INSERT INTO account_Detail VALUES (100021,'20191225',1,414000,'N');
INSERT INTO account_Detail VALUES (100014,'20191227',1,27600,'N');
INSERT INTO account_Detail VALUES (100041,'20191228',1,644000,'Y');
INSERT INTO account_Detail VALUES (100037,'20191229',1,627600,'Y');
INSERT INTO account_Detail VALUES (100003,'20191230',1,794100,'N');
INSERT INTO account_Detail VALUES (100038,'20191230',1,34400,'N');
INSERT INTO account_Detail VALUES (100041,'20200105',1,614200,'Y');
INSERT INTO account_Detail VALUES (100017,'20200107',1,339900,'Y');
INSERT INTO account_Detail VALUES (100033,'20200110',1,140000,'Y');
INSERT INTO account_Detail VALUES (100029,'20200112',1,898300,'Y');
INSERT INTO account_Detail VALUES (100045,'20200113',1,673300,'Y');
INSERT INTO account_Detail VALUES (100022,'20200115',1,47800,'N');
INSERT INTO account_Detail VALUES (100027,'20200115',1,710000,'Y');
INSERT INTO account_Detail VALUES (100024,'20200116',1,131100,'Y');
INSERT INTO account_Detail VALUES (100015,'20200117',1,158800,'Y');
INSERT INTO account_Detail VALUES (100024,'20200118',1,487500,'N');
INSERT INTO account_Detail VALUES (100018,'20200119',1,395500,'Y');
INSERT INTO account_Detail VALUES (100019,'20200119',1,331000,'Y');
INSERT INTO account_Detail VALUES (100027,'20200121',1,251800,'N');
INSERT INTO account_Detail VALUES (100007,'20200122',1,76100,'Y');
INSERT INTO account_Detail VALUES (100025,'20200125',1,48200,'N');
INSERT INTO account_Detail VALUES (100033,'20200125',1,304600,'Y');
INSERT INTO account_Detail VALUES (100024,'20200130',1,398900,'Y');
INSERT INTO account_Detail VALUES (100034,'20200131',1,478100,'Y');
INSERT INTO account_Detail VALUES (100046,'20200208',1,360800,'Y');
INSERT INTO account_Detail VALUES (100033,'20200210',1,769100,'N');
INSERT INTO account_Detail VALUES (100001,'20200211',1,656500,'Y');
INSERT INTO account_Detail VALUES (100029,'20200213',1,565800,'N');
INSERT INTO account_Detail VALUES (100023,'20200214',1,659500,'Y');
INSERT INTO account_Detail VALUES (100034,'20200214',1,546300,'Y');
INSERT INTO account_Detail VALUES (100003,'20200217',1,33900,'Y');
INSERT INTO account_Detail VALUES (100049,'20200217',1,118600,'N');
INSERT INTO account_Detail VALUES (100034,'20200219',1,580200,'Y');
INSERT INTO account_Detail VALUES (100011,'20200220',1,545400,'Y');
INSERT INTO account_Detail VALUES (100011,'20200221',1,451700,'N');
INSERT INTO account_Detail VALUES (100042,'20200227',1,872000,'N');
INSERT INTO account_Detail VALUES (100019,'20200301',1,326800,'Y');
INSERT INTO account_Detail VALUES (100025,'20200301',1,480900,'Y');
INSERT INTO account_Detail VALUES (100013,'20200304',1,966900,'Y');
INSERT INTO account_Detail VALUES (100038,'20200306',1,968500,'Y');
INSERT INTO account_Detail VALUES (100041,'20200306',1,428500,'Y');
INSERT INTO account_Detail VALUES (100017,'20200307',1,665500,'Y');
INSERT INTO account_Detail VALUES (100020,'20200308',1,828100,'Y');
INSERT INTO account_Detail VALUES (100007,'20200311',1,300100,'Y');
INSERT INTO account_Detail VALUES (100031,'20200311',1,702000,'Y');
INSERT INTO account_Detail VALUES (100035,'20200311',1,652300,'N');
INSERT INTO account_Detail VALUES (100043,'20200312',1,928100,'Y');
INSERT INTO account_Detail VALUES (100034,'20200314',1,74200,'Y');
INSERT INTO account_Detail VALUES (100035,'20200314',1,534700,'N');
INSERT INTO account_Detail VALUES (100045,'20200314',1,245600,'N');
INSERT INTO account_Detail VALUES (100037,'20200316',1,719500,'Y');
INSERT INTO account_Detail VALUES (100040,'20200317',1,383800,'N');
INSERT INTO account_Detail VALUES (100012,'20200318',1,815400,'N');
INSERT INTO account_Detail VALUES (100007,'20200319',1,49200,'Y');
INSERT INTO account_Detail VALUES (100039,'20200322',1,229600,'N');
INSERT INTO account_Detail VALUES (100030,'20200324',1,712500,'Y');
INSERT INTO account_Detail VALUES (100040,'20200328',1,891500,'Y');
INSERT INTO account_Detail VALUES (100015,'20200330',1,790200,'Y');
INSERT INTO account_Detail VALUES (100041,'20200401',1,824800,'N');
INSERT INTO account_Detail VALUES (100010,'20200402',1,592900,'Y');
INSERT INTO account_Detail VALUES (100025,'20200402',1,605000,'N');
INSERT INTO account_Detail VALUES (100009,'20200405',1,886600,'N');
INSERT INTO account_Detail VALUES (100024,'20200408',1,449000,'N');
INSERT INTO account_Detail VALUES (100011,'20200409',1,829800,'N');
INSERT INTO account_Detail VALUES (100042,'20200419',1,650800,'Y');
INSERT INTO account_Detail VALUES (100016,'20200424',1,62200,'Y');
INSERT INTO account_Detail VALUES (100007,'20200425',1,9800,'N');
INSERT INTO account_Detail VALUES (100014,'20200426',1,446600,'Y');
INSERT INTO account_Detail VALUES (100026,'20200426',1,218600,'Y');
INSERT INTO account_Detail VALUES (100048,'20200426',1,281200,'N');
INSERT INTO account_Detail VALUES (100015,'20200427',1,837800,'Y');
INSERT INTO account_Detail VALUES (100040,'20200427',1,979300,'N');
INSERT INTO account_Detail VALUES (100043,'20200503',1,480600,'Y');
INSERT INTO account_Detail VALUES (100020,'20200504',1,544300,'Y');
INSERT INTO account_Detail VALUES (100023,'20200516',1,742500,'Y');
INSERT INTO account_Detail VALUES (100044,'20200517',1,871000,'N');
INSERT INTO account_Detail VALUES (100031,'20200519',1,287500,'N');
INSERT INTO account_Detail VALUES (100036,'20200520',1,82100,'Y');
INSERT INTO account_Detail VALUES (100004,'20200521',1,338400,'Y');
INSERT INTO account_Detail VALUES (100049,'20200521',1,465300,'N');
INSERT INTO account_Detail VALUES (100036,'20200522',1,263500,'N');
INSERT INTO account_Detail VALUES (100040,'20200522',1,448100,'N');
INSERT INTO account_Detail VALUES (100012,'20200528',1,617900,'Y');
INSERT INTO account_Detail VALUES (100035,'20200529',1,941100,'Y');
INSERT INTO account_Detail VALUES (100032,'20200602',1,671900,'Y');
INSERT INTO account_Detail VALUES (100019,'20200603',1,765100,'Y');
INSERT INTO account_Detail VALUES (100044,'20200603',1,670200,'Y');
INSERT INTO account_Detail VALUES (100008,'20200605',1,268400,'Y');
INSERT INTO account_Detail VALUES (100031,'20200609',1,488200,'Y');
INSERT INTO account_Detail VALUES (100028,'20200610',1,767700,'Y');
INSERT INTO account_Detail VALUES (100035,'20200610',1,305000,'Y');
INSERT INTO account_Detail VALUES (100050,'20200610',1,952900,'N');
INSERT INTO account_Detail VALUES (100024,'20200612',1,337300,'Y');
INSERT INTO account_Detail VALUES (100025,'20200614',1,348700,'Y');
INSERT INTO account_Detail VALUES (100031,'20200614',1,481200,'Y');
INSERT INTO account_Detail VALUES (100044,'20200617',1,511300,'Y');
INSERT INTO account_Detail VALUES (100022,'20200622',1,494900,'Y');
INSERT INTO account_Detail VALUES (100044,'20200622',1,246400,'N');
INSERT INTO account_Detail VALUES (100001,'20200627',1,867900,'Y');
INSERT INTO account_Detail VALUES (100026,'20200627',1,723300,'Y');
INSERT INTO account_Detail VALUES (100006,'20200628',1,143000,'N');
INSERT INTO account_Detail VALUES (100012,'20200628',1,424900,'Y');
INSERT INTO account_Detail VALUES (100005,'20200630',1,596200,'Y');
INSERT INTO account_Detail VALUES (100012,'20200630',1,355100,'Y');
INSERT INTO account_Detail VALUES (100016,'20200630',1,179800,'Y');
INSERT INTO account_Detail VALUES (100029,'20200630',1,824800,'N');
INSERT INTO account_Detail VALUES (100037,'20200702',1,561500,'Y');
INSERT INTO account_Detail VALUES (100020,'20200703',1,469600,'Y');
INSERT INTO account_Detail VALUES (100021,'20200706',1,203900,'Y');
INSERT INTO account_Detail VALUES (100028,'20200706',1,920000,'Y');
INSERT INTO account_Detail VALUES (100010,'20200710',1,594600,'N');
INSERT INTO account_Detail VALUES (100046,'20200710',1,101800,'Y');
INSERT INTO account_Detail VALUES (100027,'20200711',1,585500,'Y');
INSERT INTO account_Detail VALUES (100044,'20200711',1,739000,'Y');
INSERT INTO account_Detail VALUES (100011,'20200718',1,108700,'N');
INSERT INTO account_Detail VALUES (100006,'20200719',1,589000,'Y');
INSERT INTO account_Detail VALUES (100022,'20200719',1,784000,'Y');
INSERT INTO account_Detail VALUES (100036,'20200722',1,29300,'Y');
INSERT INTO account_Detail VALUES (100032,'20200726',1,66500,'Y');
INSERT INTO account_Detail VALUES (100031,'20200731',1,444000,'Y');
INSERT INTO account_Detail VALUES (100026,'20200807',1,515700,'Y');
INSERT INTO account_Detail VALUES (100028,'20200808',1,864900,'Y');
INSERT INTO account_Detail VALUES (100030,'20200808',1,260900,'Y');
INSERT INTO account_Detail VALUES (100012,'20200817',1,474400,'N');
INSERT INTO account_Detail VALUES (100019,'20200818',1,424900,'Y');
INSERT INTO account_Detail VALUES (100042,'20200820',1,103100,'Y');
INSERT INTO account_Detail VALUES (100049,'20200821',1,69400,'Y');
INSERT INTO account_Detail VALUES (100029,'20200824',1,319900,'Y');
INSERT INTO account_Detail VALUES (100049,'20200824',1,941700,'Y');
INSERT INTO account_Detail VALUES (100023,'20200825',1,204200,'N');
INSERT INTO account_Detail VALUES (100034,'20200826',1,548300,'N');
INSERT INTO account_Detail VALUES (100005,'20200827',1,938400,'N');
INSERT INTO account_Detail VALUES (100043,'20200828',1,634900,'Y');
INSERT INTO account_Detail VALUES (100020,'20200907',1,936100,'N');
INSERT INTO account_Detail VALUES (100003,'20200909',1,997700,'Y');
INSERT INTO account_Detail VALUES (100004,'20200910',1,527100,'Y');
INSERT INTO account_Detail VALUES (100004,'20200910',2,948900,'Y');
INSERT INTO account_Detail VALUES (100006,'20200912',1,35600,'Y');
INSERT INTO account_Detail VALUES (100008,'20200912',1,486500,'Y');
INSERT INTO account_Detail VALUES (100012,'20200914',1,813300,'N');
INSERT INTO account_Detail VALUES (100014,'20200915',1,554800,'Y');
INSERT INTO account_Detail VALUES (100047,'20200915',1,491700,'N');
INSERT INTO account_Detail VALUES (100033,'20200918',1,768100,'Y');
INSERT INTO account_Detail VALUES (100042,'20200918',1,569500,'Y');
INSERT INTO account_Detail VALUES (100013,'20200920',1,666100,'Y');
INSERT INTO account_Detail VALUES (100032,'20200922',1,7700,'Y');
INSERT INTO account_Detail VALUES (100018,'20200927',1,965400,'Y');
INSERT INTO account_Detail VALUES (100035,'20200928',1,254600,'Y');
INSERT INTO account_Detail VALUES (100048,'20201001',1,561600,'Y');
INSERT INTO account_Detail VALUES (100021,'20201002',1,610700,'Y');
INSERT INTO account_Detail VALUES (100045,'20201003',1,317900,'Y');
INSERT INTO account_Detail VALUES (100044,'20201004',1,960600,'N');
INSERT INTO account_Detail VALUES (100008,'20201006',1,475900,'Y');
INSERT INTO account_Detail VALUES (100047,'20201008',1,615800,'N');
INSERT INTO account_Detail VALUES (100021,'20201009',1,856500,'N');
INSERT INTO account_Detail VALUES (100016,'20201010',1,353600,'Y');
INSERT INTO account_Detail VALUES (100032,'20201014',1,341500,'Y');
INSERT INTO account_Detail VALUES (100001,'20201017',1,639000,'N');
INSERT INTO account_Detail VALUES (100033,'20201017',1,620500,'Y');
INSERT INTO account_Detail VALUES (100005,'20201021',1,250300,'Y');
INSERT INTO account_Detail VALUES (100039,'20201022',1,520800,'N');
INSERT INTO account_Detail VALUES (100003,'20201025',1,656700,'N');
INSERT INTO account_Detail VALUES (100022,'20201028',1,723000,'N');
INSERT INTO account_Detail VALUES (100015,'20201030',1,292000,'Y');
INSERT INTO account_Detail VALUES (100044,'20201102',1,289600,'Y');
INSERT INTO account_Detail VALUES (100006,'20201103',1,804000,'Y');
INSERT INTO account_Detail VALUES (100048,'20201103',1,137900,'N');
INSERT INTO account_Detail VALUES (100047,'20201106',1,454000,'N');
INSERT INTO account_Detail VALUES (100002,'20201109',1,912900,'Y');
INSERT INTO account_Detail VALUES (100016,'20201110',1,337700,'Y');
INSERT INTO account_Detail VALUES (100040,'20201111',1,21300,'N');
INSERT INTO account_Detail VALUES (100005,'20201114',1,469900,'Y');
INSERT INTO account_Detail VALUES (100045,'20201114',1,93500,'Y');
INSERT INTO account_Detail VALUES (100037,'20201116',1,824300,'Y');
INSERT INTO account_Detail VALUES (100027,'20201120',1,67600,'N');
INSERT INTO account_Detail VALUES (100002,'20201121',1,875700,'Y');
INSERT INTO account_Detail VALUES (100030,'20201121',1,958300,'N');
INSERT INTO account_Detail VALUES (100023,'20201124',1,199100,'N');
INSERT INTO account_Detail VALUES (100038,'20201127',1,463600,'Y');
INSERT INTO account_Detail VALUES (100012,'20201128',1,480000,'Y');
INSERT INTO account_Detail VALUES (100014,'20201129',1,888200,'Y');
INSERT INTO account_Detail VALUES (100038,'20201201',1,588900,'N');
INSERT INTO account_Detail VALUES (100015,'20201203',1,194000,'N');
INSERT INTO account_Detail VALUES (100003,'20201204',1,872800,'Y');
INSERT INTO account_Detail VALUES (100031,'20201205',1,597600,'Y');
INSERT INTO account_Detail VALUES (100019,'20201207',1,904000,'Y');
INSERT INTO account_Detail VALUES (100032,'20201211',1,488100,'Y');
INSERT INTO account_Detail VALUES (100043,'20201217',1,38700,'N');
INSERT INTO account_Detail VALUES (100018,'20201218',1,735700,'Y');
INSERT INTO account_Detail VALUES (100009,'20201219',1,615700,'Y');
INSERT INTO account_Detail VALUES (100028,'20201226',1,166600,'Y');
INSERT INTO account_Detail VALUES (100030,'20201229',1,713700,'N');
INSERT INTO account_Detail VALUES (100048,'20201229',1,681800,'Y');
INSERT INTO account_Detail VALUES (100041,'20210101',1,4400,'N');
INSERT INTO account_Detail VALUES (100027,'20210102',1,92200,'Y');
INSERT INTO account_Detail VALUES (100026,'20210103',1,658900,'N');
INSERT INTO account_Detail VALUES (100011,'20210108',1,931400,'Y');
INSERT INTO account_Detail VALUES (100030,'20210108',1,983600,'Y');
INSERT INTO account_Detail VALUES (100015,'20210110',1,239400,'Y');
INSERT INTO account_Detail VALUES (100018,'20210114',1,485100,'N');
INSERT INTO account_Detail VALUES (100014,'20210116',1,972900,'N');
INSERT INTO account_Detail VALUES (100048,'20210118',1,312500,'N');
INSERT INTO account_Detail VALUES (100021,'20210120',1,957500,'N');
INSERT INTO account_Detail VALUES (100004,'20210121',1,78200,'Y');
INSERT INTO account_Detail VALUES (100042,'20210122',1,490200,'N');
INSERT INTO account_Detail VALUES (100009,'20210125',1,348400,'N');
INSERT INTO account_Detail VALUES (100040,'20210127',1,208200,'Y');
INSERT INTO account_Detail VALUES (100010,'20210128',1,704600,'Y');
INSERT INTO account_Detail VALUES (100017,'20210130',1,569700,'Y');
INSERT INTO account_Detail VALUES (100026,'20210130',1,979100,'N');
INSERT INTO account_Detail VALUES (100042,'20210201',1,991100,'Y');
INSERT INTO account_Detail VALUES (100047,'20210202',1,700000,'N');
INSERT INTO account_Detail VALUES (100024,'20210206',1,631500,'N');
INSERT INTO account_Detail VALUES (100032,'20210207',1,187200,'N');
INSERT INTO account_Detail VALUES (100047,'20210212',1,488000,'Y');
INSERT INTO account_Detail VALUES (100041,'20210217',1,183200,'Y');
INSERT INTO account_Detail VALUES (100023,'20210219',1,994300,'N');
INSERT INTO account_Detail VALUES (100033,'20210220',1,374100,'Y');
INSERT INTO account_Detail VALUES (100028,'20210223',1,97400,'N');
INSERT INTO account_Detail VALUES (100025,'20210224',1,518600,'Y');
INSERT INTO account_Detail VALUES (100023,'20210225',1,907400,'Y');
INSERT INTO account_Detail VALUES (100023,'20210306',1,987600,'Y');
INSERT INTO account_Detail VALUES (100025,'20210309',1,987900,'Y');
INSERT INTO account_Detail VALUES (100021,'20210310',1,624400,'N');
INSERT INTO account_Detail VALUES (100022,'20210311',1,457900,'Y');
INSERT INTO account_Detail VALUES (100001,'20210312',1,63700,'Y');
INSERT INTO account_Detail VALUES (100007,'20210315',1,497600,'Y');
INSERT INTO account_Detail VALUES (100010,'20210315',1,282500,'N');
INSERT INTO account_Detail VALUES (100001,'20210319',1,142400,'N');
INSERT INTO account_Detail VALUES (100009,'20210321',1,526200,'Y');
INSERT INTO account_Detail VALUES (100009,'20210325',1,671800,'Y');
INSERT INTO account_Detail VALUES (100008,'20210326',1,449300,'Y');
INSERT INTO account_Detail VALUES (100009,'20210327',1,765300,'Y');
INSERT INTO account_Detail VALUES (100010,'20210328',1,345900,'N');
INSERT INTO account_Detail VALUES (100015,'20210328',1,909400,'Y');
INSERT INTO account_Detail VALUES (100049,'20210330',1,18000,'N');
INSERT INTO account_Detail VALUES (100013,'20210331',1,952900,'N');
INSERT INTO account_Detail VALUES (100027,'20210331',1,763100,'Y');
INSERT INTO account_Detail VALUES (100012,'20210402',1,975800,'N');
INSERT INTO account_Detail VALUES (100039,'20210403',1,240800,'Y');
INSERT INTO account_Detail VALUES (100006,'20210405',1,938500,'Y');
INSERT INTO account_Detail VALUES (100003,'20210406',1,657100,'Y');
INSERT INTO account_Detail VALUES (100016,'20210406',1,604800,'Y');
INSERT INTO account_Detail VALUES (100048,'20210414',1,910300,'Y');
INSERT INTO account_Detail VALUES (100027,'20210416',1,301800,'Y');
INSERT INTO account_Detail VALUES (100031,'20210417',1,382400,'Y');
INSERT INTO account_Detail VALUES (100010,'20210418',1,267800,'N');
INSERT INTO account_Detail VALUES (100008,'20210423',1,482600,'Y');
INSERT INTO account_Detail VALUES (100044,'20210423',1,796400,'Y');
INSERT INTO account_Detail VALUES (100025,'20210424',1,474000,'Y');
INSERT INTO account_Detail VALUES (100006,'20210425',1,259800,'Y');
INSERT INTO account_Detail VALUES (100019,'20210427',1,238100,'N');
INSERT INTO account_Detail VALUES (100041,'20210427',1,580400,'Y');
INSERT INTO account_Detail VALUES (100008,'20210429',1,805500,'Y');
INSERT INTO account_Detail VALUES (100009,'20210501',1,350200,'Y');
INSERT INTO account_Detail VALUES (100039,'20210501',1,532100,'Y');
INSERT INTO account_Detail VALUES (100021,'20210502',1,1200,'Y');
INSERT INTO account_Detail VALUES (100002,'20210503',1,82500,'N');
INSERT INTO account_Detail VALUES (100043,'20210504',1,474800,'N');
INSERT INTO account_Detail VALUES (100032,'20210505',1,497900,'N');
INSERT INTO account_Detail VALUES (100003,'20210506',1,448600,'Y');
INSERT INTO account_Detail VALUES (100034,'20210506',1,621200,'Y');
INSERT INTO account_Detail VALUES (100037,'20210512',1,613900,'Y');
INSERT INTO account_Detail VALUES (100007,'20210513',1,988900,'N');
INSERT INTO account_Detail VALUES (100050,'20210515',1,377100,'Y');
INSERT INTO account_Detail VALUES (100017,'20210517',1,874000,'Y');
INSERT INTO account_Detail VALUES (100008,'20210521',1,25600,'N');
INSERT INTO account_Detail VALUES (100045,'20210521',1,874400,'N');
INSERT INTO account_Detail VALUES (100013,'20210522',1,524800,'Y');
INSERT INTO account_Detail VALUES (100026,'20210522',1,842900,'Y');
INSERT INTO account_Detail VALUES (100035,'20210523',1,136200,'Y');
INSERT INTO account_Detail VALUES (100033,'20210525',1,977000,'Y');
INSERT INTO account_Detail VALUES (100036,'20210525',1,124800,'Y');
INSERT INTO account_Detail VALUES (100031,'20210526',1,88700,'N');
INSERT INTO account_Detail VALUES (100039,'20210527',1,497500,'N');
INSERT INTO account_Detail VALUES (100043,'20210528',1,998800,'N');
INSERT INTO account_Detail VALUES (100036,'20210529',1,704700,'N');
INSERT INTO account_Detail VALUES (100010,'20210604',1,335100,'N');
INSERT INTO account_Detail VALUES (100037,'20210604',1,65500,'N');
INSERT INTO account_Detail VALUES (100050,'20210609',1,512300,'Y');
INSERT INTO account_Detail VALUES (100047,'20210612',1,150700,'Y');
INSERT INTO account_Detail VALUES (100043,'20210616',1,765500,'Y');
INSERT INTO account_Detail VALUES (100016,'20210619',1,213900,'Y');
INSERT INTO account_Detail VALUES (100028,'20210619',1,650900,'Y');
INSERT INTO account_Detail VALUES (100040,'20210619',1,188600,'Y');
INSERT INTO account_Detail VALUES (100034,'20210627',1,525500,'N');
INSERT INTO account_Detail VALUES (100024,'20210628',1,984200,'N');
INSERT INTO account_Detail VALUES (100006,'20210629',1,151700,'N');
INSERT INTO account_Detail VALUES (100013,'20210629',1,940200,'Y');
INSERT INTO account_Detail VALUES (100031,'20210629',1,289300,'Y');
INSERT INTO account_Detail VALUES (100038,'20210708',1,635900,'N');
INSERT INTO account_Detail VALUES (100045,'20210709',1,378900,'Y');
INSERT INTO account_Detail VALUES (100011,'20210710',1,573400,'Y');
INSERT INTO account_Detail VALUES (100020,'20210723',1,911800,'Y');
INSERT INTO account_Detail VALUES (100037,'20210725',1,748300,'Y');
INSERT INTO account_Detail VALUES (100019,'20210726',1,272500,'Y');
INSERT INTO account_Detail VALUES (100001,'20210728',1,626000,'N');
INSERT INTO account_Detail VALUES (100049,'20210728',1,575800,'Y');
INSERT INTO account_Detail VALUES (100007,'20210729',1,884200,'Y');
INSERT INTO account_Detail VALUES (100025,'20210729',1,93400,'Y');
INSERT INTO account_Detail VALUES (100043,'20210729',1,739600,'Y');
INSERT INTO account_Detail VALUES (100050,'20210731',1,79400,'Y');
INSERT INTO account_Detail VALUES (100003,'20210802',1,66700,'Y');
INSERT INTO account_Detail VALUES (100018,'20210806',1,277300,'N');
INSERT INTO account_Detail VALUES (100018,'20210808',1,134100,'Y');
INSERT INTO account_Detail VALUES (100005,'20210811',1,483600,'N');
INSERT INTO account_Detail VALUES (100017,'20210813',1,812900,'N');
INSERT INTO account_Detail VALUES (100049,'20210813',1,206200,'N');
INSERT INTO account_Detail VALUES (100004,'20210815',1,867500,'Y');
INSERT INTO account_Detail VALUES (100017,'20210817',1,106300,'Y');
INSERT INTO account_Detail VALUES (100032,'20210820',1,283700,'Y');
INSERT INTO account_Detail VALUES (100031,'20210821',1,968400,'Y');
INSERT INTO account_Detail VALUES (100041,'20210824',1,108200,'Y');
INSERT INTO account_Detail VALUES (100002,'20210829',1,490200,'Y');
INSERT INTO account_Detail VALUES (100020,'20210830',1,751100,'Y');
INSERT INTO account_Detail VALUES (100006,'20210901',1,226000,'Y');
INSERT INTO account_Detail VALUES (100004,'20210902',1,67300,'N');
INSERT INTO account_Detail VALUES (100018,'20210902',1,720500,'N');
INSERT INTO account_Detail VALUES (100012,'20210907',1,76200,'Y');
INSERT INTO account_Detail VALUES (100002,'20210912',1,259100,'Y');
INSERT INTO account_Detail VALUES (100024,'20210914',1,892500,'Y');
INSERT INTO account_Detail VALUES (100009,'20210919',1,545100,'N');
INSERT INTO account_Detail VALUES (100036,'20210924',1,858300,'N');
